UID,recency,frequency,monetary_value,R_Mean,F_Mean,M_Mean,Score,Rank
1341104,56.877627314814816,26,10950,1,0,0,100,5
1361552,23.38300925925926,2,1000,0,1,1,011,4
1368368,102.59127314814815,23,3300,1,0,0,100,5
1369904,213.78633101851852,3,1150,1,1,1,111,1
1374736,448.00927083333335,1,300,1,1,1,111,1
1399808,246.89275462962962,2,290,1,1,1,111,1
1413088,46.07125,28,10750,0,0,0,000,8
1427408,615.1735300925926,1,500,1,1,1,111,1
1431568,24.07383101851852,2,650,0,1,1,011,4
1442384,39.81690972222222,5,2300,0,1,0,010,6
1454192,340.7489814814815,9,4100,1,0,0,100,5
1462704,346.8023263888889,1,500,1,1,1,111,1
1490000,7.768888888888889,16,2700,0,0,0,000,8
1493280,362.7935300925926,1,500,1,1,1,111,1
1511808,3.0788425925925926,28,10925,0,0,0,000,8
1516800,54.29902777777778,7,2100,1,0,0,100,5
1525312,99.80190972222222,9,3400,1,0,0,100,5
1546880,84.84453703703704,26,12200,1,0,0,100,5
1563920,37.742465277777775,7,1750,0,0,1,001,7
1574400,353.70199074074077,4,1350,1,1,1,111,1
1576832,35.83696759259259,7,2500,0,0,0,000,8
1577008,126.93417824074074,12,2900,1,0,0,100,5
1600368,70.76165509259259,17,7300,1,0,0,100,5
1603344,352.5237037037037,1,500,1,1,1,111,1
1635264,49.90255787037037,56,22050,1,0,0,100,5
1663392,19.66872685185185,20,5250,0,0,0,000,8
1680128,47.161967592592596,3,1250,0,1,1,011,4
1689456,245.34465277777778,13,6150,1,0,0,100,5
1714512,110.01743055555555,1,300,1,1,1,111,1
1718256,25.04170138888889,47,17500,0,0,0,000,8
1740128,45.744548611111114,84,16925,0,0,0,000,8
1741248,1.075914351851852,1,300,0,1,1,011,4
1742240,8.871041666666667,5,2300,0,1,0,010,6
1756544,167.81983796296296,14,5600,1,0,0,100,5
1790720,27.015219907407406,19,8050,0,0,0,000,8
1821376,133.76721064814814,23,10050,1,0,0,100,5
1832800,537.8514814814815,1,450,1,1,1,111,1
1838752,49.82505787037037,27,11650,0,0,0,000,8
1963872,50.54454861111111,15,5250,1,0,0,100,5
1981584,400.63502314814815,1,500,1,1,1,111,1
1991792,32.8240625,5,1200,0,1,1,011,4
2014080,148.6412962962963,34,7950,1,0,0,100,5
2022768,73.38179398148148,5,2500,1,1,0,110,2
2221216,8.88474537037037,85,27700,0,0,0,000,8
2313904,226.99395833333332,26,10250,1,0,0,100,5
2438848,526.7517824074074,1,150,1,1,1,111,1
2540976,596.7311921296297,1,500,1,1,1,111,1
2577568,25.939965277777777,6,2950,0,1,0,010,6
2641008,354.9584722222222,1,500,1,1,1,111,1
2776496,359.71505787037034,1,500,1,1,1,111,1
2825568,60.076875,9,4150,1,0,0,100,5
2854480,345.5176388888889,1,500,1,1,1,111,1
2885056,1.1781481481481482,18,6850,0,0,0,000,8
2885232,25.760381944444443,17,2950,0,0,0,000,8
2920416,52.041689814814816,5,2500,1,1,0,110,2
2928304,0.7001967592592593,7,1350,0,0,1,001,7
3022816,28.536018518518517,5,1250,0,1,1,011,4
3031776,22.804537037037036,32,2705,0,0,0,000,8
3074160,27.691944444444445,18,6600,0,0,0,000,8
3206768,13.711087962962964,2,1000,0,1,1,011,4
3213872,184.6481134259259,9,4200,1,0,0,100,5
3235968,354.85729166666664,2,1100,1,1,1,111,1
3295120,37.035752314814815,21,7450,0,0,0,000,8
3330448,79.80800925925926,3,1500,1,1,1,111,1
3344848,6.217858796296296,34,14800,0,0,0,000,8
3352896,47.820335648148145,2,850,0,1,1,011,4
3502128,25.982777777777777,4,1600,0,1,1,011,4
3516336,49.006712962962965,4,1650,0,1,1,011,4
3528624,7.8321875,1,500,0,1,1,011,4
3599568,0.7920486111111111,53,23200,0,0,0,000,8
3660880,54.730636574074076,8,3450,1,0,0,100,5
3717280,78.02451388888889,8,2950,1,0,0,100,5
3753824,9.670393518518518,1,450,0,1,1,011,4
3839888,100.97644675925926,17,3930,1,0,0,100,5
3847936,160.3394675925926,6,1500,1,1,1,111,1
3866192,14.860648148148147,1,150,0,1,1,011,4
3873392,61.03116898148148,3,1010,1,1,1,111,1
3884784,291.5048263888889,2,100,1,1,1,111,1
3911344,1.9336921296296297,35,12150,0,0,0,000,8
3965792,164.0582986111111,1,300,1,1,1,111,1
3988048,357.06761574074073,4,1250,1,1,1,111,1
4134048,15.586180555555556,9,2300,0,0,0,000,8
4165024,87.91164351851852,9,3450,1,0,0,100,5
4189520,147.78354166666668,16,6100,1,0,0,100,5
4232400,76.87769675925927,2,100,1,1,1,111,1
4375168,3.3951736111111113,14,3050,0,0,0,000,8
4393248,198.1348148148148,2,1250,1,1,1,111,1
4454544,147.72966435185185,9,4545,1,0,0,100,5
4466000,39.815810185185185,2,1100,0,1,1,011,4
4481408,57.761180555555555,21,1445,1,0,1,101,3
4545440,21.737453703703704,2,650,0,1,1,011,4
4567552,157.04503472222223,2,1000,1,1,1,111,1
4641696,35.706238425925925,5,1250,0,1,1,011,4
4776688,29.77116898148148,3,750,0,1,1,011,4
4796368,37.5959375,23,6900,0,0,0,000,8
5011680,70.92311342592592,2,600,1,1,1,111,1
5054192,43.68165509259259,8,3840,0,0,0,000,8
5099664,58.852465277777775,10,2900,1,0,0,100,5
5137280,378.60078703703704,10,5000,1,0,0,100,5
5223392,101.78277777777778,7,3300,1,0,0,100,5
5238448,10.3190625,15,3450,0,0,0,000,8
5529376,4.672337962962963,17,1930,0,0,0,000,8
5632048,0.2895138888888889,20,6050,0,0,0,000,8
5816464,321.7667476851852,6,1440,1,1,1,111,1
5875552,35.759791666666665,10,3460,0,0,0,000,8
5880000,7.142569444444445,1,150,0,1,1,011,4
5910912,357.06953703703704,1,500,1,1,1,111,1
5957824,203.30412037037038,26,11250,1,0,0,100,5
6056352,18.966921296296295,2,650,0,1,1,011,4
6122384,600.6828587962963,2,1000,1,1,1,111,1
6132064,6.818831018518519,2,1250,0,1,1,011,4
6140944,524.0161342592593,1,150,1,1,1,111,1
6167264,195.64819444444444,2,1000,1,1,1,111,1
6210640,208.7347800925926,3,1100,1,1,1,111,1
6371248,224.00045138888888,5,1000,1,1,1,111,1
6491248,14.221030092592592,24,5700,0,0,0,000,8
6491984,178.11858796296298,2,650,1,1,1,111,1
6559248,52.20456018518519,1,300,1,1,1,111,1
6647184,374.95131944444444,8,3650,1,0,0,100,5
6733392,119.36776620370371,3,1500,1,1,1,111,1
6794448,55.0721875,23,5200,1,0,0,100,5
6822096,149.86342592592592,8,1750,1,0,1,101,3
6904096,58.23005787037037,1,150,1,1,1,111,1
7048944,23.005011574074075,17,5235,0,0,0,000,8
7145536,21.82460648148148,57,22400,0,0,0,000,8
7194848,294.62622685185187,3,1150,1,1,1,111,1
7286704,57.59306712962963,2,1250,1,1,1,111,1
7340976,46.61136574074074,5,1400,0,1,1,011,4
7349600,57.97806712962963,1,300,1,1,1,111,1
7362208,23.053564814814816,1,750,0,1,1,011,4
7397872,91.90798611111111,2,100,1,1,1,111,1
7483536,522.9526273148148,1,500,1,1,1,111,1
7517472,332.80515046296296,5,2500,1,1,0,110,2
7569328,362.1420601851852,2,1000,1,1,1,111,1
7593520,1.6023842592592592,2,100,0,1,1,011,4
7661168,53.8194212962963,10,4000,1,0,0,100,5
7668656,24.78275462962963,7,3500,0,0,0,000,8
7854608,21.21295138888889,6,2100,0,1,0,010,6
7869328,136.76023148148147,1,500,1,1,1,111,1
8137504,359.13755787037036,1,500,1,1,1,111,1
8243360,271.98001157407407,3,1500,1,1,1,111,1
8248176,152.79936342592592,6,3000,1,1,0,110,2
8272144,2.8491203703703705,1,500,0,1,1,011,4
8282160,120.60449074074074,8,4000,1,0,0,100,5
8442112,52.844340277777775,9,4450,1,0,0,100,5
8450160,179.9562037037037,2,800,1,1,1,111,1
8543648,173.94868055555557,2,200,1,1,1,111,1
8672688,43.315127314814816,6,2100,0,1,0,010,6
8695056,59.72681712962963,24,10800,1,0,0,100,5
8734928,55.5778125,1,750,1,1,1,111,1
8738224,153.69739583333333,9,3850,1,0,0,100,5
8901856,13.74931712962963,21,3700,0,0,0,000,8
8942208,29.315601851851852,28,12250,0,0,0,000,8
8953248,6.941597222222223,2,100,0,1,1,011,4
8967792,96.61446759259259,11,2050,1,0,0,100,5
9016944,21.219733796296296,2,300,0,1,1,011,4
9102960,1.6220601851851852,4,300,0,1,1,011,4
9103808,311.87408564814814,3,1300,1,1,1,111,1
9157392,13.654398148148148,13,5800,0,0,0,000,8
9157872,418.129212962963,1,500,1,1,1,111,1
9212752,10.902256944444444,3,290,0,1,1,011,4
9419056,144.09490740740742,21,9150,1,0,0,100,5
9447024,46.92075231481481,8,1565,0,0,1,001,7
9456160,139.85686342592592,7,3700,1,0,0,100,5
9516960,6.184039351851852,6,1800,0,1,0,010,6
9521712,40.77732638888889,4,750,0,1,1,011,4
9788544,57.08809027777778,15,6950,1,0,0,100,5
9796848,11.040462962962962,13,4750,0,0,0,000,8
9887792,39.96650462962963,5,1400,0,1,1,011,4
10144448,29.630127314814814,14,5750,0,0,0,000,8
10199920,10.948726851851852,14,5150,0,0,0,000,8
10250640,19.59394675925926,2,800,0,1,1,011,4
10291408,14.741782407407408,9,3950,0,0,0,000,8
10315616,60.64587962962963,7,2750,1,0,0,100,5
10333232,12.781550925925925,1,500,0,1,1,011,4
10382896,142.5262962962963,6,2600,1,1,0,110,2
10387376,77.03346064814815,1,500,1,1,1,111,1
10407968,40.95059027777778,1,500,0,1,1,011,4
10410832,33.072615740740744,23,6500,0,0,0,000,8
10537408,63.32309027777778,12,4750,1,0,0,100,5
10558880,45.75881944444444,9,3450,0,0,0,000,8
10562096,15.049224537037038,24,9150,0,0,0,000,8
10814960,124.3087962962963,4,1650,1,1,1,111,1
10884256,57.091064814814814,1,25,1,1,1,111,1
10913120,22.49125,1,450,0,1,1,011,4
10983952,274.7271064814815,10,3350,1,0,0,100,5
11012704,54.731689814814814,8,3450,1,0,0,100,5
11037120,24.906886574074075,13,3400,0,0,0,000,8
11092928,32.83555555555556,2,650,0,1,1,011,4
11121664,213.90637731481482,6,1650,1,1,1,111,1
11186064,37.72813657407407,5,2150,0,1,0,010,6
11249344,137.85945601851853,4,1700,1,1,1,111,1
11298464,47.763888888888886,6,3000,0,1,0,010,6
11438544,52.84431712962963,17,5600,1,0,0,100,5
11467104,36.16483796296296,1,300,0,1,1,011,4
11480448,84.81744212962963,4,1450,1,1,1,111,1
11577264,24.680729166666666,10,1850,0,0,0,000,8
11586832,43.97334490740741,7,1940,0,0,0,000,8
11652256,141.3600462962963,8,3450,1,0,0,100,5
11695584,60.69866898148148,3,800,1,1,1,111,1
11754512,105.7155787037037,35,9000,1,0,0,100,5
11844672,135.1617013888889,7,2600,1,0,0,100,5
11844848,89.03969907407408,7,3000,1,0,0,100,5
11877456,0.22385416666666666,13,6500,0,0,0,000,8
12040880,51.010474537037034,1,300,1,1,1,111,1
12123936,26.78302083333333,1,50,0,1,1,011,4
12236832,271.84391203703706,5,2500,1,1,0,110,2
12442944,126.71892361111111,5,2500,1,1,0,110,2
12611088,36.708506944444444,13,5350,0,0,0,000,8
12665776,52.11157407407408,14,2100,1,0,0,100,5
12795872,0.5321180555555556,26,7800,0,0,0,000,8
12961472,152.5355787037037,11,1800,1,0,0,100,5
12982016,80.04284722222222,6,2550,1,1,0,110,2
13020304,24.805069444444445,12,1800,0,0,0,000,8
13121184,52.79467592592592,13,5400,1,0,0,100,5
13147088,50.14836805555556,5,2500,1,1,0,110,2
13191280,53.63930555555555,2,900,1,1,1,111,1
13200720,25.153333333333332,36,11200,0,0,0,000,8
13236880,146.73678240740742,1,500,1,1,1,111,1
13613920,291.1069791666667,3,500,1,1,1,111,1
13713680,17.771527777777777,22,3600,0,0,0,000,8
13766848,45.74489583333333,2,650,0,1,1,011,4
13791616,20.518229166666668,2,550,0,1,1,011,4
13795536,57.100775462962964,2,650,1,1,1,111,1
13926240,59.95984953703704,111,29200,1,0,0,100,5
13985104,270.45667824074076,4,2900,1,1,0,110,2
14154528,48.75887731481482,9,1200,0,0,1,001,7
14255216,32.121944444444445,9,2945,0,0,0,000,8
14321952,20.659872685185185,10,2850,0,0,0,000,8
14408720,1.0393402777777778,6,2800,0,1,0,010,6
14440912,3.759502314814815,66,29100,0,0,0,000,8
14707056,20.117488425925927,13,5150,0,0,0,000,8
14722816,621.7186921296296,1,500,1,1,1,111,1
14779600,177.91525462962963,5,900,1,1,1,111,1
14834352,39.55144675925926,29,1750,0,0,1,001,7
14871424,12.927372685185185,39,18350,0,0,0,000,8
14876240,528.6996412037037,1,500,1,1,1,111,1
14884944,36.77306712962963,1,150,0,1,1,011,4
14992544,57.90144675925926,2,100,1,1,1,111,1
15231888,398.8916435185185,7,1400,1,0,1,101,3
15244240,17.83832175925926,3,900,0,1,1,011,4
15264640,22.083472222222223,6,2950,0,1,0,010,6
15352736,58.0021412037037,42,18500,1,0,0,100,5
15439792,56.10810185185185,37,18500,1,0,0,100,5
15455360,260.81439814814814,2,1000,1,1,1,111,1
15456320,2.7642708333333332,7,1200,0,0,1,001,7
15554288,9.17912037037037,39,14850,0,0,0,000,8
15638880,10.755416666666667,8,2700,0,0,0,000,8
15642912,48.84815972222222,2,800,0,1,1,011,4
15650560,251.67430555555555,7,2450,1,0,0,100,5
15720160,189.17631944444443,5,2500,1,1,0,110,2
15765776,155.08085648148148,16,3800,1,0,0,100,5
15776032,18.878969907407406,4,900,0,1,1,011,4
15803888,54.74526620370371,2,800,1,1,1,111,1
15840320,18.876064814814814,3,450,0,1,1,011,4
15921760,189.16101851851852,1,500,1,1,1,111,1
15985632,46.016527777777775,27,8950,0,0,0,000,8
16035264,24.608506944444443,2,1000,0,1,1,011,4
16056512,382.6269212962963,6,2650,1,1,0,110,2
16134464,588.3147453703704,1,500,1,1,1,111,1
16146384,119.36696759259259,2,1000,1,1,1,111,1
16156512,80.00532407407407,4,1700,1,1,1,111,1
16245776,555.6566782407407,1,150,1,1,1,111,1
16317872,278.7939930555556,2,650,1,1,1,111,1
16333600,35.83586805555556,4,2000,0,1,0,010,6
16393248,198.09284722222222,2,1000,1,1,1,111,1
16449280,541.3358449074074,2,1000,1,1,1,111,1
16524544,522.6222800925926,3,450,1,1,1,111,1
16538704,56.794837962962966,3,1250,1,1,1,111,1
16654704,45.075462962962966,12,1210,0,0,1,001,7
16837168,166.68296296296296,15,7500,1,0,0,100,5
16940064,22.51222222222222,4,340,0,1,1,011,4
16973200,397.7213773148148,20,3100,1,0,0,100,5
16998176,6.197395833333333,51,15750,0,0,0,000,8
17058064,21.94710648148148,3,750,0,1,1,011,4
17105808,340.9240625,2,1000,1,1,1,111,1
17316048,5.099039351851852,14,5250,0,0,0,000,8
17413248,522.6195949074074,3,450,1,1,1,111,1
17502480,221.92164351851852,3,145,1,1,1,111,1
17558368,6.092430555555556,7,530,0,0,1,001,7
17676688,50.18486111111111,12,3725,1,0,0,100,5
17791696,199.78329861111112,2,1000,1,1,1,111,1
17817904,59.8290625,18,6900,1,0,0,100,5
17821472,18.74646990740741,54,4085,0,0,0,000,8
17884688,19.17587962962963,13,5000,0,0,0,000,8
17905632,109.97797453703704,36,3540,1,0,0,100,5
17948848,28.13255787037037,6,2350,0,1,0,010,6
17978112,14.209386574074074,11,3750,0,0,0,000,8
18255920,356.7127546296296,11,4000,1,0,0,100,5
18305728,45.927766203703705,23,5350,0,0,0,000,8
18310592,64.66706018518518,28,12500,1,0,0,100,5
18363216,55.17489583333333,3,950,1,1,1,111,1
18447600,4.810810185185185,3,250,0,1,1,011,4
18463360,48.84511574074074,2,450,0,1,1,011,4
18510176,279.81203703703704,1,500,1,1,1,111,1
18539552,304.22246527777776,1,750,1,1,1,111,1
18541280,48.82037037037037,35,4210,0,0,0,000,8
18630512,178.28561342592593,9,4150,1,0,0,100,5
18679744,112.88313657407407,14,3075,1,0,0,100,5
18686096,24.244363425925926,5,2300,0,1,0,010,6
18771728,48.673298611111115,2,450,0,1,1,011,4
18812576,522.6213425925926,5,1250,1,1,1,111,1
18824240,59.81449074074074,15,3200,1,0,0,100,5
18864048,354.7574074074074,1,500,1,1,1,111,1
18893632,0.5419328703703704,26,7800,0,0,0,000,8
18898336,173.01571759259258,1,50,1,1,1,111,1
19010224,71.83049768518518,30,11500,1,0,0,100,5
19053040,2.824201388888889,19,6490,0,0,0,000,8
19078272,13.724108796296296,1,600,0,1,1,011,4
19082768,42.76984953703704,1,500,0,1,1,011,4
19104112,18.82810185185185,19,5300,0,0,0,000,8
19152016,23.06732638888889,11,4800,0,0,0,000,8
19164112,23.26619212962963,15,4850,0,0,0,000,8
19176720,350.95439814814813,7,3100,1,0,0,100,5
19235264,346.9093402777778,5,1500,1,1,1,111,1
19323840,4.9496875,6,1350,0,1,1,011,4
19326416,5.6484375,2,1000,0,1,1,011,4
19387664,277.6491203703704,8,2550,1,0,0,100,5
19477056,13.707210648148148,3,1500,0,1,1,011,4
19572912,180.0092361111111,2,700,1,1,1,111,1
19634016,2.119409722222222,20,6950,0,0,0,000,8
19635280,51.81622685185185,3,1500,1,1,1,111,1
19755792,114.72472222222223,6,2450,1,1,0,110,2
19855504,43.93379629629629,4,200,0,1,1,011,4
19951296,58.72300925925926,1,300,1,1,1,111,1
20043504,13.742800925925925,3,950,0,1,1,011,4
20048864,544.9278125,3,1450,1,1,1,111,1
20066416,4.8783564814814815,76,29500,0,0,0,000,8
20193680,29.79199074074074,11,1650,0,0,1,001,7
20230960,17.85105324074074,5,2500,0,1,0,010,6
20259024,618.7982407407408,1,515,1,1,1,111,1
20420096,14.5946875,5,2500,0,1,0,010,6
20433248,362.895625,2,1000,1,1,1,111,1
20441168,4.042407407407407,20,3750,0,0,0,000,8
20586208,42.06118055555555,5,860,0,1,1,011,4
20591712,9.631527777777778,2,450,0,1,1,011,4
20604560,580.8691550925926,7,2000,1,0,0,100,5
20631168,52.626666666666665,14,700,1,0,1,101,3
20637920,59.26125,4,1950,1,1,0,110,2
20724448,48.762569444444445,24,1900,0,0,0,000,8
20759104,153.7425,3,400,1,1,1,111,1
21044256,36.209201388888886,1,300,0,1,1,011,4
21132784,4.842569444444444,30,6650,0,0,0,000,8
21334320,35.85333333333333,68,27550,0,0,0,000,8
21535472,44.71989583333333,7,1010,0,0,1,001,7
21834480,6.703483796296296,10,2600,0,0,0,000,8
21897936,57.69488425925926,10,4750,1,0,0,100,5
22121616,58.30068287037037,2,650,1,1,1,111,1
22133312,26.84341435185185,10,4340,0,0,0,000,8
22666208,46.90111111111111,6,1600,0,1,1,011,4
22714496,87.70298611111112,3,1500,1,1,1,111,1
22816464,533.7889699074074,1,450,1,1,1,111,1
23092576,526.7494444444444,1,150,1,1,1,111,1
23111216,35.996006944444446,1,500,0,1,1,011,4
23414080,38.16423611111111,1,50,0,1,1,011,4
24040240,25.993564814814814,5,2100,0,1,0,010,6
24236016,43.75263888888889,7,1350,0,0,1,001,7
24246368,14.89144675925926,32,4040,0,0,0,000,8
24278896,54.06736111111111,3,1100,1,1,1,111,1
24524848,55.88336805555556,11,4350,1,0,0,100,5
24530896,64.34148148148148,5,1825,1,1,0,110,2
25067728,6.694606481481482,12,4500,0,0,0,000,8
25181584,53.79015046296296,5,2100,1,1,0,110,2
25186752,7.811608796296296,26,2350,0,0,0,000,8
25213488,44.04310185185185,2,750,0,1,1,011,4
25440400,362.78517361111113,1,500,1,1,1,111,1
25461824,19.67884259259259,31,12400,0,0,0,000,8
25614352,13.669409722222222,6,1850,0,1,0,010,6
25754240,23.84023148148148,4,1800,0,1,0,010,6
25870960,0.29207175925925927,12,3050,0,0,0,000,8
25885728,109.76825231481482,4,1750,1,1,1,111,1
25970576,632.8304976851852,1,500,1,1,1,111,1
25970896,29.676597222222224,3,1025,0,1,1,011,4
25984144,218.6752662037037,2,1000,1,1,1,111,1
25990384,13.879699074074074,1,150,0,1,1,011,4
26027968,55.124340277777776,5,2450,1,1,0,110,2
26138784,27.91204861111111,28,11450,0,0,0,000,8
26303968,222.7955902777778,6,2900,1,1,0,110,2
26332848,145.6025,4,1800,1,1,0,110,2
26387792,623.2126273148148,1,300,1,1,1,111,1
26498208,24.807349537037037,12,1800,0,0,0,000,8
26598240,207.72872685185186,5,1250,1,1,1,111,1
26697536,41.17880787037037,22,7250,0,0,0,000,8
26703728,22.073032407407407,15,5700,0,0,0,000,8
26734752,13.827083333333333,22,11350,0,0,0,000,8
26817440,36.319398148148146,5,1650,0,1,1,011,4
26835392,56.24261574074074,8,2050,1,0,0,100,5
26877600,10.675208333333334,10,3900,0,0,0,000,8
26906960,10.591863425925926,4,1515,0,1,1,011,4
26956224,278.7963541666667,2,1000,1,1,1,111,1
27082624,64.87453703703704,2,650,1,1,1,111,1
27104960,45.89488425925926,20,5950,0,0,0,000,8
27211568,55.87644675925926,3,850,1,1,1,111,1
27236544,24.88287037037037,6,2290,0,1,0,010,6
27275760,28.088136574074074,16,8000,0,0,0,000,8
27413744,18.671956018518518,25,5260,0,0,0,000,8
27548240,4.032743055555556,6,1400,0,1,1,011,4
27812464,24.806006944444444,12,1800,0,0,0,000,8
27859440,24.882361111111113,22,6000,0,0,0,000,8
27912720,196.7833912037037,7,2850,1,0,0,100,5
27960928,52.99949074074074,22,7900,1,0,0,100,5
27979904,229.10488425925925,7,3050,1,0,0,100,5
27986896,59.668506944444445,7,800,1,0,1,101,3
28063968,54.98153935185185,7,2100,1,0,0,100,5
28064080,0.3976851851851852,2,600,0,1,1,011,4
28069680,443.06386574074077,13,4000,1,0,0,100,5
28172560,12.764502314814814,15,4550,0,0,0,000,8
28178656,630.704849537037,1,300,1,1,1,111,1
28261904,22.035092592592594,11,2300,0,0,0,000,8
28273136,14.20616898148148,4,850,0,1,1,011,4
28352400,116.09387731481482,11,3900,1,0,0,100,5
28484304,179.63649305555555,16,3350,1,0,0,100,5
28510928,59.66753472222222,10,900,1,0,1,101,3
28535616,5.300775462962963,17,8100,0,0,0,000,8
28544208,69.49298611111111,8,3500,1,0,0,100,5
28569104,21.64699074074074,9,4100,0,0,0,000,8
28584304,5.3030787037037035,16,7200,0,0,0,000,8
28634256,58.71797453703704,1,300,1,1,1,111,1
28643536,53.59884259259259,26,9900,1,0,0,100,5
28674912,22.039108796296297,10,2000,0,0,0,000,8
28684384,69.12415509259259,9,3000,1,0,0,100,5
28791968,7.962337962962963,8,1100,0,0,1,001,7
28798240,331.041875,3,750,1,1,1,111,1
28812224,38.602476851851854,8,4600,0,0,0,000,8
28882784,426.6662962962963,8,1245,1,0,1,101,3
28883152,35.82574074074074,5,2500,0,1,0,010,6
28961504,50.11622685185185,7,3150,1,0,0,100,5
29100096,8.213171296296297,22,7850,0,0,0,000,8
29121696,18.080069444444444,57,24300,0,0,0,000,8
29122400,39.75298611111111,5,2545,0,1,0,010,6
29292224,8.69951388888889,49,12050,0,0,0,000,8
29346352,20.71855324074074,5,850,0,1,1,011,4
29533552,36.719085648148145,51,23600,0,0,0,000,8
29588768,360.1587847222222,2,1000,1,1,1,111,1
29722768,49.83997685185185,20,7200,0,0,0,000,8
29924384,56.79289351851852,1,300,1,1,1,111,1
29964704,7.053275462962963,1,500,0,1,1,011,4
29993184,57.2905787037037,17,6800,1,0,0,100,5
30049248,607.8699537037037,1,150,1,1,1,111,1
30060832,256.5685648148148,11,1950,1,0,0,100,5
30077904,51.74767361111111,7,2600,1,0,0,100,5
30215248,49.03949074074074,18,9000,0,0,0,000,8
30223680,55.77840277777778,6,2260,1,1,0,110,2
30309424,23.26988425925926,14,4900,0,0,0,000,8
30369264,360.08164351851855,2,1000,1,1,1,111,1
30726384,611.4711805555555,1,500,1,1,1,111,1
30903040,7.770798611111111,4,1800,0,1,0,010,6
30923184,10.123032407407408,23,11500,0,0,0,000,8
30964320,3.9738657407407407,19,8350,0,0,0,000,8
31172576,24.67130787037037,13,3250,0,0,0,000,8
31439856,494.8307175925926,4,1850,1,1,0,110,2
31742784,55.96025462962963,2,650,1,1,1,111,1
31764048,56.78974537037037,6,1550,1,1,1,111,1
31865904,42.27136574074074,1,150,0,1,1,011,4
31936960,1.6634837962962963,2,590,0,1,1,011,4
31947312,51.237604166666664,1,50,1,1,1,111,1
32029472,54.100717592592595,2,550,1,1,1,111,1
32078672,45.83289351851852,1,50,0,1,1,011,4
32111616,24.667488425925924,2,300,0,1,1,011,4
32117264,177.89674768518518,2,1250,1,1,1,111,1
32137632,10.211122685185185,5,1850,0,1,0,010,6
32284352,15.240694444444445,6,2800,0,1,0,010,6
32292144,59.68105324074074,30,10400,1,0,0,100,5
32366544,59.812083333333334,3,600,1,1,1,111,1
32366848,108.71091435185186,9,3750,1,0,0,100,5
32483248,563.8010300925926,1,500,1,1,1,111,1
32513456,57.68957175925926,10,4250,1,0,0,100,5
32534048,58.82591435185185,5,2500,1,1,0,110,2
32534176,604.9835995370371,1,150,1,1,1,111,1
32541136,21.219108796296297,1,150,0,1,1,011,4
32561040,390.1373611111111,5,1700,1,1,1,111,1
32600640,13.179375,22,7800,0,0,0,000,8
32645904,59.76413194444444,21,6950,1,0,0,100,5
32650640,18.0403125,12,5250,0,0,0,000,8
32659616,42.100324074074074,2,1000,0,1,1,011,4
32702800,10.49986111111111,3,1490,0,1,1,011,4
32740608,24.804282407407406,7,2650,0,0,0,000,8
32763712,170.25775462962963,3,1400,1,1,1,111,1
32765584,24.801076388888887,19,2440,0,0,0,000,8
32794880,58.920451388888885,8,3600,1,0,0,100,5
32847168,68.10519675925926,14,7525,1,0,0,100,5
32855616,60.1018287037037,7,2050,1,0,0,100,5
32867344,112.88446759259259,8,2750,1,0,0,100,5
32905600,16.819594907407406,30,4450,0,0,0,000,8
32950992,49.77875,6,1600,0,1,1,011,4
32985488,276.7404398148148,2,650,1,1,1,111,1
32985824,360.8261689814815,4,1300,1,1,1,111,1
33033824,147.21722222222223,6,750,1,1,1,111,1
33063776,32.78704861111111,1,450,0,1,1,011,4
33081424,57.04591435185185,10,3800,1,0,0,100,5
33091120,184.22547453703703,1,500,1,1,1,111,1
33105520,361.97903935185184,1,500,1,1,1,111,1
33127456,60.71811342592593,4,475,1,1,1,111,1
33146176,178.80194444444444,6,2650,1,1,0,110,2
33179424,52.98052083333334,49,21600,1,0,0,100,5
33184944,53.51482638888889,1,400,1,1,1,111,1
33205568,581.1760648148148,1,300,1,1,1,111,1
33213904,352.9312037037037,1,500,1,1,1,111,1
33274544,60.699641203703706,2,1000,1,1,1,111,1
33325952,4.800960648148148,3,450,0,1,1,011,4
33333360,10.966377314814816,10,1600,0,0,1,001,7
33375488,6.677453703703704,12,1145,0,0,1,001,7
33382848,62.02027777777778,8,2300,1,0,0,100,5
33427872,13.175902777777777,18,5100,0,0,0,000,8
33451840,53.81619212962963,16,7700,1,0,0,100,5
33458144,73.88372685185185,22,8200,1,0,0,100,5
33530528,312.7016435185185,1,150,1,1,1,111,1
33551872,23.26744212962963,15,4850,0,0,0,000,8
33556128,16.078738425925927,7,2200,0,0,0,000,8
33606192,28.80730324074074,132,56900,0,0,0,000,8
33614240,10.573888888888888,7,2100,0,0,0,000,8
33690672,40.953217592592594,3,1100,0,1,1,011,4
33724352,567.1246412037037,1,500,1,1,1,111,1
33748720,1.5596296296296297,17,4950,0,0,0,000,8
33808080,13.177453703703703,14,4400,0,0,0,000,8
33850304,52.99861111111111,11,2350,1,0,0,100,5
33868368,40.5475462962963,7,3300,0,0,0,000,8
33916272,22.034097222222222,10,2900,0,0,0,000,8
33957536,6.162708333333334,1,500,0,1,1,011,4
33989712,617.8619675925926,1,300,1,1,1,111,1
33998992,3.3828125,80,15200,0,0,0,000,8
34019824,22.754131944444445,9,2350,0,0,0,000,8
34027664,25.000810185185184,10,4650,0,0,0,000,8
34064560,56.022592592592595,21,9000,1,0,0,100,5
34083360,205.66216435185186,10,2550,1,0,0,100,5
34098928,21.117037037037036,14,3700,0,0,0,000,8
34104768,52.99758101851852,10,1650,1,0,1,101,3
34124960,55.12543981481482,2,600,1,1,1,111,1
34127856,55.82826388888889,14,2800,1,0,0,100,5
34172448,179.1113425925926,2,600,1,1,1,111,1
34175536,46.049108796296295,27,1350,0,0,1,001,7
34178240,239.35225694444443,11,3350,1,0,0,100,5
34228784,18.95422453703704,11,5150,0,0,0,000,8
34269632,73.84141203703703,2,800,1,1,1,111,1
34276368,245.6862037037037,40,11400,1,0,0,100,5
34289136,420.91230324074075,2,800,1,1,1,111,1
34338096,47.32478009259259,34,2860,0,0,0,000,8
34340544,19.937199074074073,10,3700,0,0,0,000,8
34345760,44.080787037037034,4,2000,0,1,0,010,6
34426784,43.151354166666664,38,12350,0,0,0,000,8
34463136,38.79642361111111,168,68500,0,0,0,000,8
34469008,65.80912037037037,15,4200,1,0,0,100,5
34490656,58.745127314814816,11,5250,1,0,0,100,5
34511984,26.725949074074073,52,6900,0,0,0,000,8
34523008,23.26678240740741,5,750,0,1,1,011,4
34551264,30.927407407407408,9,2300,0,0,0,000,8
34567504,53.800300925925924,1,500,1,1,1,111,1
34593760,360.7057291666667,1,500,1,1,1,111,1
34594768,43.889270833333335,8,2450,0,0,0,000,8
34613472,31.375104166666667,25,8250,0,0,0,000,8
34630544,86.02081018518518,19,7400,1,0,0,100,5
34648208,0.727662037037037,3,1465,0,1,1,011,4
34657488,15.828622685185184,17,5750,0,0,0,000,8
34659920,355.9334837962963,3,850,1,1,1,111,1
34675184,47.78112268518519,16,3400,0,0,0,000,8
34678368,57.2896875,16,6700,1,0,0,100,5
34680160,6.672557870370371,7,1400,0,0,1,001,7
34682576,29.791921296296298,24,12000,0,0,0,000,8
34686304,119.8253587962963,4,1100,1,1,1,111,1
34690192,5.822997685185185,11,5200,0,0,0,000,8
34690752,305.8595486111111,5,1350,1,1,1,111,1
34691776,602.7801273148148,1,500,1,1,1,111,1
34695312,25.007233796296298,22,10850,0,0,0,000,8
34701184,59.68945601851852,7,2100,1,0,0,100,5
34707024,218.6512962962963,3,1400,1,1,1,111,1
34718608,55.83778935185185,3,1350,1,1,1,111,1
34749120,391.22158564814816,2,1000,1,1,1,111,1
34760384,206.6832986111111,8,4000,1,0,0,100,5
34761408,22.75025462962963,1,150,0,1,1,011,4
34764544,4.842986111111111,1,750,0,1,1,011,4
34786432,50.007268518518515,1,500,1,1,1,111,1
34852512,315.7741203703704,32,5210,1,0,0,100,5
34918528,321.0886458333333,5,2500,1,1,0,110,2
35256032,15.91099537037037,38,9650,0,0,0,000,8
35636544,46.7577662037037,11,5500,0,0,0,000,8
35739120,440.7995949074074,1,500,1,1,1,111,1
35740192,55.73993055555555,4,300,1,1,1,111,1
35744864,61.002372685185186,5,2010,1,1,0,110,2
35789536,131.55186342592592,24,1445,1,0,1,101,3
35850816,53.56237268518519,1,150,1,1,1,111,1
35904400,45.08006944444445,38,2350,0,0,0,000,8
35923584,9.979421296296296,11,5750,0,0,0,000,8
35924096,57.746689814814815,5,1400,1,1,1,111,1
35951152,40.19498842592593,42,7400,0,0,0,000,8
35960016,11.399247685185186,9,3950,0,0,0,000,8
36027696,4.9434606481481485,29,12950,0,0,0,000,8
36085760,57.98125,12,4800,1,0,0,100,5
36162960,268.7542013888889,4,2250,1,1,0,110,2
36174288,44.80756944444445,17,5250,0,0,0,000,8
36194224,49.75539351851852,16,4900,0,0,0,000,8
36317744,14.20875,7,1550,0,0,1,001,7
36324000,58.73638888888889,5,1150,1,1,1,111,1
36341776,25.945,6,2850,0,1,0,010,6
36361232,267.1265393518519,6,3000,1,1,0,110,2
36388224,53.09256944444444,3,1150,1,1,1,111,1
36397936,3.9366435185185185,23,8350,0,0,0,000,8
36412384,7.936701388888889,10,3350,0,0,0,000,8
36452624,56.6319212962963,5,1550,1,1,1,111,1
36475984,252.6449074074074,1,500,1,1,1,111,1
36504496,57.877546296296295,9,2750,1,0,0,100,5
36510864,134.80358796296295,3,75,1,1,1,111,1
36562688,44.00846064814815,4,950,0,1,1,011,4
36609856,592.8304976851852,1,500,1,1,1,111,1
36683472,43.25414351851852,6,3000,0,1,0,010,6
36697568,24.714780092592594,7,3500,0,0,0,000,8
36720352,58.618981481481484,3,1250,1,1,1,111,1
36732256,49.681412037037035,12,2325,0,0,0,000,8
36763360,41.70255787037037,7,2000,0,0,0,000,8
36803632,244.88905092592591,2,650,1,1,1,111,1
36806096,15.929016203703704,13,1550,0,0,1,001,7
36867264,156.74172453703704,17,7350,1,0,0,100,5
36926192,105.92578703703704,2,800,1,1,1,111,1
36978672,8.086724537037037,5,1550,0,1,1,011,4
37018144,16.16394675925926,12,5750,0,0,0,000,8
37067120,26.803622685185186,24,7750,0,0,0,000,8
37068640,0.7719212962962962,5,650,0,1,1,011,4
37074544,28.801238425925927,4,1600,0,1,1,011,4
37150112,6.290439814814815,9,2950,0,0,0,000,8
37158096,71.76069444444444,4,1800,1,1,0,110,2
37254800,14.985127314814815,20,3690,0,0,0,000,8
37260576,29.812071759259258,5,2500,0,1,0,010,6
37263408,329.2965046296296,2,290,1,1,1,111,1
37266384,97.74543981481482,3,1150,1,1,1,111,1
37290464,87.98597222222222,4,1750,1,1,1,111,1
37293424,47.771655092592596,7,1695,0,0,1,001,7
37296464,59.85145833333333,16,7300,1,0,0,100,5
37314608,57.83850694444445,1,50,1,1,1,111,1
37324080,9.658125,21,6300,0,0,0,000,8
37326896,19.88775462962963,4,200,0,1,1,011,4
37332528,29.667152777777776,1,500,0,1,1,011,4
37378768,28.534502314814816,5,1300,0,1,1,011,4
37388096,159.77210648148147,1,150,1,1,1,111,1
37399184,1.6402893518518518,4,550,0,1,1,011,4
37408832,44.7416087962963,9,1750,0,0,1,001,7
37410112,39.7665162037037,1,150,0,1,1,011,4
37430944,54.210648148148145,21,4335,1,0,0,100,5
37473856,361.6400115740741,8,3300,1,0,0,100,5
37475824,24.1346875,13,6000,0,0,0,000,8
37491344,22.399097222222224,4,1800,0,1,0,010,6
37535552,17.675219907407406,38,18450,0,0,0,000,8
37575440,43.67900462962963,1,50,0,1,1,011,4
37585360,40.70988425925926,16,800,0,0,1,001,7
37592416,41.785868055555554,3,1400,0,1,1,011,4
37597616,55.11460648148148,3,500,1,1,1,111,1
37632848,45.10462962962963,4,1900,0,1,0,010,6
37634032,42.55258101851852,7,2815,0,0,0,000,8
37669504,280.7427777777778,8,3050,1,0,0,100,5
37677664,127.118125,2,1000,1,1,1,111,1
37690880,5.8939814814814815,53,19100,0,0,0,000,8
37725600,10.974212962962962,1,50,0,1,1,011,4
37732016,5.516678240740741,1,150,0,1,1,011,4
37732432,51.94916666666666,2,100,1,1,1,111,1
37749952,7.898958333333334,4,200,0,1,1,011,4
37758224,478.8714699074074,1,50,1,1,1,111,1
37760816,22.657581018518517,1,150,0,1,1,011,4
37769328,10.777175925925926,125,15410,0,0,0,000,8
37788224,14.78130787037037,3,1050,0,1,1,011,4
37790448,1.8848958333333334,11,5500,0,0,0,000,8
37796176,59.299988425925925,4,750,1,1,1,111,1
37798304,84.1891087962963,12,4305,1,0,0,100,5
37805456,55.96309027777778,20,3450,1,0,0,100,5
37811232,47.77563657407408,4,600,0,1,1,011,4
37833792,162.2692361111111,5,1350,1,1,1,111,1
37834656,18.869479166666668,4,1500,0,1,1,011,4
37839120,11.638206018518519,2,850,0,1,1,011,4
37953040,14.696574074074075,16,5450,0,0,0,000,8
37966688,215.84563657407406,2,800,1,1,1,111,1
37967872,29.842916666666667,9,4500,0,0,0,000,8
37969776,28.087337962962962,2,1000,0,1,1,011,4
37972960,177.7298148148148,8,2750,1,0,0,100,5
37973984,0.3773148148148148,6,900,0,1,1,011,4
37979824,41.01892361111111,1,150,0,1,1,011,4
37990080,0.8959143518518519,1,150,0,1,1,011,4
37992848,10.769305555555556,36,14490,0,0,0,000,8
37999792,52.909479166666664,15,6025,1,0,0,100,5
38004144,38.62699074074074,1,150,0,1,1,011,4
38011264,378.9540162037037,1,500,1,1,1,111,1
38014464,315.2912152777778,10,2900,1,0,0,100,5
38022160,26.780763888888888,2,300,0,1,1,011,4
38022816,45.82825231481481,1,50,0,1,1,011,4
38027008,584.3014583333334,2,100,1,1,1,111,1
38041328,58.78452546296296,1,500,1,1,1,111,1
38065616,0.7710532407407408,3,150,0,1,1,011,4
38069920,47.26009259259259,2,800,0,1,1,011,4
38087680,22.896284722222223,1,50,0,1,1,011,4
38147008,56.28811342592593,2,1000,1,1,1,111,1
38214128,14.207766203703704,9,1850,0,0,0,000,8
38228560,116.11913194444445,4,1650,1,1,1,111,1
38265232,174.0894675925926,35,16950,1,0,0,100,5
38267728,401.5830671296296,2,600,1,1,1,111,1
38274336,83.79149305555555,2,300,1,1,1,111,1
38274992,225.10875,3,1050,1,1,1,111,1
38306944,58.09146990740741,1,500,1,1,1,111,1
38368320,24.804131944444446,7,1050,0,0,1,001,7
38368560,24.80267361111111,9,1350,0,0,1,001,7
38446368,56.73040509259259,4,2250,1,1,0,110,2
38542944,60.0171875,11,4400,1,0,0,100,5
38600880,10.633923611111111,10,1650,0,0,1,001,7
38619776,1.6594097222222222,1,150,0,1,1,011,4
39587872,4.091851851851852,5,1050,0,1,1,011,4
40171936,51.64773148148148,6,2050,1,1,0,110,2
40722016,42.16199074074074,3,900,0,1,1,011,4
41993152,49.87976851851852,2,100,0,1,1,011,4
42052016,53.786886574074074,4,1750,1,1,1,111,1
42065344,15.912974537037037,31,7500,0,0,0,000,8
42076480,7.963541666666667,8,1100,0,0,1,001,7
42076768,49.07222222222222,12,5650,0,0,0,000,8
42113600,17.045092592592592,7,1050,0,0,1,001,7
42119360,43.78275462962963,4,950,0,1,1,011,4
42146672,54.747199074074075,3,800,1,1,1,111,1
42165520,18.775752314814813,12,1200,0,0,1,001,7
42209552,44.80274305555555,17,4950,0,0,0,000,8
42259968,139.88594907407406,1,500,1,1,1,111,1
42262560,463.9027662037037,1,500,1,1,1,111,1
42297424,40.80833333333333,56,13200,0,0,0,000,8
42304944,309.6052314814815,2,1000,1,1,1,111,1
42337184,51.81337962962963,4,500,1,1,1,111,1
42347184,18.53440972222222,48,15500,0,0,0,000,8
42347936,35.719409722222224,1,500,0,1,1,011,4
42364800,17.044085648148148,7,1050,0,0,1,001,7
42395648,51.89361111111111,1,500,1,1,1,111,1
42471952,58.968715277777775,10,2450,1,0,0,100,5
42505760,8.354837962962963,1,150,0,1,1,011,4
42508400,17.750636574074075,5,2300,0,1,0,010,6
42547488,47.8825,4,200,0,1,1,011,4
42627952,42.944328703703704,5,1800,0,1,0,010,6
42630400,20.721006944444444,1,150,0,1,1,011,4
42651968,51.80803240740741,1,50,1,1,1,111,1
42686720,44.75768518518519,4,1400,0,1,1,011,4
42706048,5.122731481481481,16,3050,0,0,0,000,8
42707056,143.6003472222222,1,500,1,1,1,111,1
42719168,20.25193287037037,61,22250,0,0,0,000,8
42720608,514.1522800925926,2,800,1,1,1,111,1
42749248,57.99513888888889,6,3000,1,1,0,110,2
42763920,22.035578703703703,9,1500,0,0,1,001,7
42765312,50.249340277777776,2,700,1,1,1,111,1
42778800,31.944224537037037,3,210,0,1,1,011,4
42820832,17.138425925925926,30,4250,0,0,0,000,8
42823072,58.30247685185185,2,450,1,1,1,111,1
42829392,58.72613425925926,4,1300,1,1,1,111,1
42837872,5.471701388888889,5,1550,0,1,1,011,4
42844800,57.06502314814815,3,1150,1,1,1,111,1
42873072,475.85417824074074,5,1350,1,1,1,111,1
42906112,120.73127314814815,3,950,1,1,1,111,1
42927184,56.79212962962963,3,350,1,1,1,111,1
42943968,372.4015972222222,7,3300,1,0,0,100,5
42963824,113.88895833333333,5,2050,1,1,0,110,2
42980784,42.684756944444445,10,4000,0,0,0,000,8
43006288,389.8658912037037,11,1565,1,0,1,101,3
43011616,39.5665625,13,6500,0,0,0,000,8
43082032,26.764282407407407,4,2250,0,1,0,010,6
43108656,27.612291666666668,3,150,0,1,1,011,4
43152528,4.8888541666666665,9,2150,0,0,0,000,8
43192608,362.79435185185184,1,500,1,1,1,111,1
43259088,220.85347222222222,5,2050,1,1,0,110,2
43283600,8.881446759259259,34,12050,0,0,0,000,8
43286032,222.9328935185185,7,1400,1,0,1,101,3
43299056,40.95929398148148,3,1300,0,1,1,011,4
43316608,57.83939814814815,4,700,1,1,1,111,1
43325584,23.80097222222222,3,1565,0,1,1,011,4
43326128,344.79542824074076,1,500,1,1,1,111,1
43337024,55.775983796296295,5,990,1,1,1,111,1
43379664,360.9782407407407,1,500,1,1,1,111,1
43387056,49.77543981481482,4,950,0,1,1,011,4
43430384,362.924375,3,850,1,1,1,111,1
43465584,69.16145833333333,1,150,1,1,1,111,1
43497472,626.9958101851852,1,500,1,1,1,111,1
43501200,29.777893518518518,20,8600,0,0,0,000,8
43529936,39.88614583333333,3,700,0,1,1,011,4
43577520,20.69672453703704,58,18650,0,0,0,000,8
43582336,2.853101851851852,4,600,0,1,1,011,4
43582592,48.918310185185184,2,300,0,1,1,011,4
43613920,22.03790509259259,6,1050,0,1,1,011,4
43644016,19.697789351851853,1,300,0,1,1,011,4
43734064,88.74115740740741,27,11400,1,0,0,100,5
43736496,30.14351851851852,9,4500,0,0,0,000,8
43748976,55.805856481481484,10,3050,1,0,0,100,5
43781328,49.37864583333333,15,4950,0,0,0,000,8
43841008,39.89378472222222,36,10700,0,0,0,000,8
43852048,523.9189583333333,6,1100,1,1,1,111,1
43860240,10.836527777777778,1,150,0,1,1,011,4
43879360,280.9478472222222,1,200,1,1,1,111,1
43879376,280.9413310185185,1,200,1,1,1,111,1
43940304,545.9554513888888,4,1800,1,1,0,110,2
43948304,41.799872685185186,7,3300,0,0,0,000,8
43983232,47.66763888888889,4,265,0,1,1,011,4
44007632,42.7362037037037,11,5500,0,0,0,000,8
44010800,115.82824074074074,3,1400,1,1,1,111,1
44026704,49.07434027777778,17,6900,0,0,0,000,8
44043872,1.2646064814814815,42,7600,0,0,0,000,8
44077680,138.13296296296295,4,2000,1,1,0,110,2
44130896,27.098900462962963,16,5265,0,0,0,000,8
44162560,21.04826388888889,51,4550,0,0,0,000,8
44218864,53.28484953703704,18,4890,1,0,0,100,5
44224848,46.753993055555554,5,1700,0,1,1,011,4
44244528,600.0305324074075,1,500,1,1,1,111,1
44244592,72.91106481481482,3,1500,1,1,1,111,1
44269696,58.81560185185185,3,1500,1,1,1,111,1
44285328,25.09605324074074,12,3070,0,0,0,000,8
44290272,502.93702546296294,4,1650,1,1,1,111,1
44303264,8.112407407407407,76,10800,0,0,0,000,8
44340416,357.8484837962963,1,500,1,1,1,111,1
44342464,25.772743055555555,9,2275,0,0,0,000,8
44396032,435.08061342592595,10,4000,1,0,0,100,5
44400608,53.828530092592594,5,1600,1,1,1,111,1
44441696,148.93615740740742,9,3850,1,0,0,100,5
44443664,320.2374189814815,7,3500,1,0,0,100,5
44462048,23.075983796296295,7,1700,0,0,1,001,7
44477904,99.68905092592593,4,2000,1,1,0,110,2
44518240,4.853321759259259,34,10150,0,0,0,000,8
44602080,55.772337962962965,64,17750,1,0,0,100,5
44649056,10.847060185185185,2,650,0,1,1,011,4
44745472,612.6120833333333,1,500,1,1,1,111,1
44840528,53.52596064814815,4,900,1,1,1,111,1
44889904,16.70630787037037,1,150,0,1,1,011,4
44892864,523.9186111111111,3,450,1,1,1,111,1
44906048,22.036296296296296,12,2600,0,0,0,000,8
44916064,39.82258101851852,9,2950,0,0,0,000,8
44935968,59.054525462962964,5,1950,1,1,0,110,2
44951840,260.79873842592593,12,3600,1,0,0,100,5
44954112,20.012326388888887,8,3190,0,0,0,000,8
44962256,214.78322916666667,16,6650,1,0,0,100,5
44975440,436.01296296296294,1,500,1,1,1,111,1
45018640,20.772569444444443,1,500,0,1,1,011,4
45023696,380.2161689814815,1,300,1,1,1,111,1
45040768,56.053842592592595,11,750,1,0,1,101,3
45061024,30.755891203703705,26,11350,0,0,0,000,8
45071840,287.0371875,20,7500,1,0,0,100,5
45079296,27.6815625,1,50,0,1,1,011,4
45081744,511.01354166666664,2,1000,1,1,1,111,1
45117104,231.7427199074074,28,10050,1,0,0,100,5
45120576,2.999722222222222,17,7600,0,0,0,000,8
45138469,22.581481481481482,14,2950,0,0,0,000,8
45142670,29.579791666666665,7,1550,0,0,1,001,7
45142908,49.94362268518518,2,1000,1,1,1,111,1
45145770,49.66221064814815,4,1100,0,1,1,011,4
45152962,355.97243055555555,1,500,1,1,1,111,1
45156077,28.545416666666668,1,150,0,1,1,011,4
45156371,25.011875,7,2050,0,0,0,000,8
45157114,18.062256944444446,6,2750,0,1,0,010,6
45159681,147.74971064814815,8,3500,1,0,0,100,5
45163503,0.18640046296296298,9,4350,0,0,0,000,8
45163505,51.72821759259259,17,7150,1,0,0,100,5
45164511,201.9884722222222,20,8750,1,0,0,100,5
45166186,28.00681712962963,21,5450,0,0,0,000,8
45168905,624.8640277777778,1,500,1,1,1,111,1
45170606,24.727280092592594,2,1015,0,1,1,011,4
45175063,43.99804398148148,1,500,0,1,1,011,4
45177204,86.2387037037037,39,16650,1,0,0,100,5
45183359,380.21373842592595,1,300,1,1,1,111,1
45186239,27.622939814814814,5,1700,0,1,1,011,4
45191388,8.758113425925925,3,1500,0,1,1,011,4
45204895,14.856261574074074,7,1950,0,0,0,000,8
45212599,27.00369212962963,10,1850,0,0,0,000,8
45214918,21.23265046296296,1,500,0,1,1,011,4
45223049,19.922592592592594,1,50,0,1,1,011,4
45233205,7.792939814814815,59,13580,0,0,0,000,8
45238538,21.707256944444445,27,8000,0,0,0,000,8
45240251,24.80039351851852,65,23750,0,0,0,000,8
45240644,57.09949074074074,44,16150,1,0,0,100,5
45244573,2.8200231481481484,43,12900,0,0,0,000,8
45252833,330.98288194444444,3,790,1,1,1,111,1
45253663,2.211851851851852,1,50,0,1,1,011,4
45255618,358.6891435185185,14,5175,1,0,0,100,5
45259309,328.5162152777778,2,290,1,1,1,111,1
45259310,330.28644675925926,2,290,1,1,1,111,1
45259311,330.7279050925926,3,590,1,1,1,111,1
45259314,332.783125,2,290,1,1,1,111,1
45259817,231.745625,6,3250,1,1,0,110,2
45259835,40.85929398148148,24,5130,0,0,0,000,8
45262889,357.62769675925927,1,500,1,1,1,111,1
45262930,362.9738541666667,2,1000,1,1,1,111,1
45264199,52.84222222222222,1,500,1,1,1,111,1
45264888,357.626400462963,1,500,1,1,1,111,1
45267084,56.849895833333335,151,48650,1,0,0,100,5
45268926,45.589305555555555,44,13400,0,0,0,000,8
45269876,524.7129513888889,1,50,1,1,1,111,1
45271739,53.14818287037037,10,4600,1,0,0,100,5
45271818,179.18725694444444,24,5750,1,0,0,100,5
45272089,617.3551620370371,3,850,1,1,1,111,1
45272291,44.89253472222222,6,1590,0,1,1,011,4
45272601,571.8534606481481,3,1300,1,1,1,111,1
45272917,111.90190972222223,1,500,1,1,1,111,1
45273014,22.106828703703705,1,450,0,1,1,011,4
45274119,22.21377314814815,15,5690,0,0,0,000,8
45274699,505.750625,4,1300,1,1,1,111,1
45274815,48.88760416666667,14,2425,0,0,0,000,8
45275352,271.91980324074075,3,1300,1,1,1,111,1
45275900,66.7604861111111,2,550,1,1,1,111,1
45278824,276.4993402777778,4,2000,1,1,0,110,2
45279386,408.23041666666666,3,950,1,1,1,111,1
45279547,247.11853009259258,8,3200,1,0,0,100,5
45283690,581.3004166666667,1,500,1,1,1,111,1
45285270,276.48576388888887,4,1850,1,1,0,110,2
45285409,22.21534722222222,7,2800,0,0,0,000,8
45288350,320.80929398148146,13,5550,1,0,0,100,5
45288830,47.98083333333334,1,150,0,1,1,011,4
45289945,26.832395833333333,12,5350,0,0,0,000,8
45291432,24.694131944444443,40,7760,0,0,0,000,8
45292038,271.94179398148145,3,1300,1,1,1,111,1
45292262,53.697094907407404,7,1900,1,0,0,100,5
45301985,2.2646296296296295,13,3450,0,0,0,000,8
45302200,15.598136574074074,11,1600,0,0,1,001,7
45304825,24.217418981481483,15,2850,0,0,0,000,8
45306468,52.83971064814815,20,5250,1,0,0,100,5
45308206,5.586585648148148,8,3050,0,0,0,000,8
45318287,1.6712152777777778,1,300,0,1,1,011,4
45319684,346.7288541666667,2,1000,1,1,1,111,1
45320229,52.79398148148148,11,3650,1,0,0,100,5
45321112,49.83579861111111,2,300,0,1,1,011,4
45321347,44.017349537037035,6,650,0,1,1,011,4
45321553,42.66009259259259,3,1500,0,1,1,011,4
45322020,316.5351273148148,2,200,1,1,1,111,1
45323052,10.689305555555556,23,5500,0,0,0,000,8
45323204,20.080150462962962,9,4500,0,0,0,000,8
45323417,21.931770833333335,16,4295,0,0,0,000,8
45323460,26.26121527777778,4,2000,0,1,0,010,6
45323732,131.9163888888889,9,3500,1,0,0,100,5
45324249,594.0317708333333,2,1000,1,1,1,111,1
45326689,36.37039351851852,4,1300,0,1,1,011,4
45326825,346.9099074074074,1,500,1,1,1,111,1
45327226,10.907326388888889,86,15500,0,0,0,000,8
45327333,50.15800925925926,34,8800,1,0,0,100,5
45327585,40.70854166666667,15,750,0,0,1,001,7
45328905,12.777037037037037,17,6050,0,0,0,000,8
45329514,624.0015856481482,1,500,1,1,1,111,1
45329773,19.955636574074074,1,150,0,1,1,011,4
45329807,0.6309953703703703,1,300,0,1,1,011,4
45330305,44.31087962962963,11,3700,0,0,0,000,8
45330378,17.064664351851853,18,9000,0,0,0,000,8
45330653,43.983159722222226,37,13640,0,0,0,000,8
45330798,331.6608796296296,7,3500,1,0,0,100,5
45330799,52.824108796296294,6,1050,1,1,1,111,1
45331398,26.767627314814813,1,300,0,1,1,011,4
45333766,131.71144675925925,6,3100,1,1,0,110,2
45334038,6.161550925925926,14,3700,0,0,0,000,8
45334151,72.45313657407408,2,1000,1,1,1,111,1
45335433,48.726898148148145,13,6250,0,0,0,000,8
45335469,107.0503125,16,7150,1,0,0,100,5
45336043,39.445914351851854,41,9900,0,0,0,000,8
45336067,141.05550925925925,3,1300,1,1,1,111,1
45336398,87.83773148148148,2,1000,1,1,1,111,1
45336488,527.9603472222223,2,650,1,1,1,111,1
45336714,527.9835648148148,2,650,1,1,1,111,1
45338178,42.01788194444445,9,4100,0,0,0,000,8
45338220,52.74248842592593,3,1500,1,1,1,111,1
45338243,10.842326388888889,81,25640,0,0,0,000,8
45338338,32.78113425925926,34,10525,0,0,0,000,8
45338858,43.292430555555555,3,225,0,1,1,011,4
45339109,121.03601851851852,8,3200,1,0,0,100,5
45339478,17.236805555555556,7,1600,0,0,1,001,7
45339914,49.79056712962963,18,7550,0,0,0,000,8
45340106,40.197407407407404,3,700,0,1,1,011,4
45340132,18.75459490740741,12,3600,0,0,0,000,8
45341931,624.6602662037037,1,500,1,1,1,111,1
45343318,7.6610300925925925,1,500,0,1,1,011,4
45343901,40.90465277777778,17,5950,0,0,0,000,8
45347294,22.73912037037037,8,1375,0,0,1,001,7
45350546,52.03836805555556,7,3500,1,0,0,100,5
45351667,44.651863425925924,7,350,0,0,1,001,7
45351889,151.74068287037036,9,5150,1,0,0,100,5
45352313,44.73445601851852,23,8120,0,0,0,000,8
45354180,30.03908564814815,8,2350,0,0,0,000,8
45354936,47.38741898148148,4,750,0,1,1,011,4
45359101,526.9478240740741,2,650,1,1,1,111,1
45360133,215.8506712962963,20,6900,1,0,0,100,5
45365866,17.727777777777778,45,15850,0,0,0,000,8
45366683,45.80954861111111,5,650,0,1,1,011,4
45367975,24.85019675925926,59,22225,0,0,0,000,8
45368267,42.05533564814815,25,8450,0,0,0,000,8
45369141,527.0014699074075,2,650,1,1,1,111,1
45370963,135.83998842592592,2,1000,1,1,1,111,1
45377062,53.69927083333334,24,4300,1,0,0,100,5
45377355,29.146157407407408,2,100,0,1,1,011,4
45383538,526.9647453703703,2,650,1,1,1,111,1
45386219,27.816157407407406,1,50,0,1,1,011,4
45386925,316.7235763888889,43,13500,1,0,0,100,5
45386955,17.66755787037037,20,9650,0,0,0,000,8
45387143,25.11403935185185,36,14150,0,0,0,000,8
45389658,7.991018518518518,9,1800,0,0,0,000,8
45389701,53.70155092592593,5,590,1,1,1,111,1
45390290,5.573923611111111,2,1000,0,1,1,011,4
45393387,40.83366898148148,3,1500,0,1,1,011,4
45393605,11.06232638888889,2,1500,0,1,1,011,4
45393645,11.084027777777777,2,1200,0,1,1,011,4
45393948,55.878425925925924,1,300,1,1,1,111,1
45394069,340.74952546296294,5,2500,1,1,0,110,2
45394833,14.78792824074074,11,3950,0,0,0,000,8
45394946,58.98539351851852,3,750,1,1,1,111,1
45395331,56.09329861111111,2,400,1,1,1,111,1
45395484,50.122638888888886,19,3600,1,0,0,100,5
45395499,36.26681712962963,1,500,0,1,1,011,4
45395523,400.8207986111111,3,1500,1,1,1,111,1
45395598,115.68302083333333,17,6500,1,0,0,100,5
45395971,27.09775462962963,8,3650,0,0,0,000,8
45396229,496.3300810185185,17,6100,1,0,0,100,5
45396308,61.838171296296295,11,4400,1,0,0,100,5
45396309,37.791805555555555,9,2600,0,0,0,000,8
45397355,4.056030092592593,54,11600,0,0,0,000,8
45397605,81.81506944444445,6,2250,1,1,0,110,2
45398145,5.813923611111111,3,150,0,1,1,011,4
45398357,45.07836805555556,17,1300,0,0,1,001,7
45399021,188.8829861111111,2,1000,1,1,1,111,1
45399578,50.19192129629629,4,950,1,1,1,111,1
45399939,14.782280092592593,12,6000,0,0,0,000,8
45401517,89.83710648148148,79,18500,1,0,0,100,5
45401553,0.27164351851851853,26,8450,0,0,0,000,8
45401865,511.98721064814816,18,6500,1,0,0,100,5
45402050,71.04291666666667,7,2240,1,0,0,100,5
45402527,500.10349537037035,1,500,1,1,1,111,1
45403140,29.239108796296296,22,7500,0,0,0,000,8
45403668,83.74539351851851,8,1800,1,0,0,100,5
45403777,371.6694328703704,3,850,1,1,1,111,1
45404122,19.206412037037037,28,10700,0,0,0,000,8
45404331,67.65391203703703,28,10550,1,0,0,100,5
45404504,443.1867476851852,2,800,1,1,1,111,1
45405123,32.7740625,8,4000,0,0,0,000,8
45405420,357.92008101851854,4,1100,1,1,1,111,1
45405545,276.44645833333334,7,2900,1,0,0,100,5
45405560,54.9047337962963,42,14400,1,0,0,100,5
45405913,41.89892361111111,6,1500,0,1,1,011,4
45406030,112.27092592592592,14,6600,1,0,0,100,5
45406662,19.74537037037037,18,3130,0,0,0,000,8
45407115,416.16800925925924,4,1100,1,1,1,111,1
45407189,16.73548611111111,5,950,0,1,1,011,4
45407345,11.116168981481481,47,13650,0,0,0,000,8
45407735,431.57135416666665,3,1500,1,1,1,111,1
45408886,9.914826388888889,176,48300,0,0,0,000,8
45410050,385.7351388888889,2,1000,1,1,1,111,1
45410492,15.868472222222222,36,8390,0,0,0,000,8
45410684,0.7133680555555556,6,2450,0,1,0,010,6
45413109,56.954791666666665,38,15350,1,0,0,100,5
45413122,415.1734259259259,2,800,1,1,1,111,1
45413124,411.5164467592593,2,1000,1,1,1,111,1
45413129,22.041215277777777,3,800,0,1,1,011,4
45413131,22.040902777777777,3,800,0,1,1,011,4
45413133,22.040555555555557,2,650,0,1,1,011,4
45413138,16.981076388888887,95,26960,0,0,0,000,8
45413155,423.9221527777778,1,500,1,1,1,111,1
45413211,423.28417824074074,1,500,1,1,1,111,1
45413212,423.4290625,1,500,1,1,1,111,1
45413229,47.79202546296296,5,2500,0,1,0,010,6
45413266,423.80422453703704,1,500,1,1,1,111,1
45413268,423.80282407407407,1,500,1,1,1,111,1
45413291,0.950162037037037,19,6675,0,0,0,000,8
45413316,4.134305555555556,12,2750,0,0,0,000,8
45413320,59.89760416666667,7,3500,1,0,0,100,5
45413323,13.92957175925926,15,5175,0,0,0,000,8
45413335,1.1625925925925926,4,1400,0,1,1,011,4
45413336,272.74659722222225,2,1000,1,1,1,111,1
45413337,400.82885416666664,2,1000,1,1,1,111,1
45413372,37.826400462962965,28,8450,0,0,0,000,8
45413406,84.51217592592593,14,7000,1,0,0,100,5
45413469,45.130462962962966,11,4100,0,0,0,000,8
45413501,177.9137037037037,2,650,1,1,1,111,1
45413528,4.819652777777778,20,3270,0,0,0,000,8
45413665,35.85834490740741,3,900,0,1,1,011,4
45414103,418.2096296296296,1,500,1,1,1,111,1
45414382,46.77351851851852,23,9700,0,0,0,000,8
45414407,181.16297453703703,5,2750,1,1,0,110,2
45414626,42.74497685185185,5,2500,0,1,0,010,6
45414628,22.513460648148147,12,2230,0,0,0,000,8
45415137,2.6887731481481483,12,5200,0,0,0,000,8
45415140,31.221828703703704,6,1850,0,1,0,010,6
45415361,332.30046296296297,2,290,1,1,1,111,1
45415362,331.79559027777776,2,290,1,1,1,111,1
45415363,14.780162037037037,10,5000,0,0,0,000,8
45416580,30.834629629629628,70,16550,0,0,0,000,8
45416943,45.739189814814814,4,1050,0,1,1,011,4
45418155,91.20996527777778,34,14350,1,0,0,100,5
45418156,52.804375,106,36950,1,0,0,100,5
45418634,24.87005787037037,2,850,0,1,1,011,4
45465953,357.90305555555557,2,1000,1,1,1,111,1
45466937,323.41712962962964,4,1750,1,1,1,111,1
45484020,39.8696412037037,30,14750,0,0,0,000,8
45484613,19.954131944444445,6,2600,0,1,0,010,6
45484615,226.7140625,2,115,1,1,1,111,1
45484616,226.11601851851853,1,60,1,1,1,111,1
